{"assets/fonts/DMSans-Bold.ttf":["assets/fonts/DMSans-Bold.ttf"],"assets/fonts/DMSans-Medium.ttf":["assets/fonts/DMSans-Medium.ttf"],"assets/fonts/DMSans-Regular.ttf":["assets/fonts/DMSans-Regular.ttf"],"assets/fonts/Poppins-Bold.ttf":["assets/fonts/Poppins-Bold.ttf"],"assets/fonts/Poppins-Light.ttf":["assets/fonts/Poppins-Light.ttf"],"assets/fonts/Poppins-Regular.ttf":["assets/fonts/Poppins-Regular.ttf"],"assets/fonts/Poppins-SemiBold.ttf":["assets/fonts/Poppins-SemiBold.ttf"],"assets/images/PotraiteGif.gif":["assets/images/PotraiteGif.gif"],"assets/images/about_photogranth.png":["assets/images/about_photogranth.png"],"assets/images/app_logo.png":["assets/images/app_logo.png"],"assets/images/background_map.png":["assets/images/background_map.png"],"assets/images/background_memory_date.png":["assets/images/background_memory_date.png"],"assets/images/cameraicon.png":["assets/images/cameraicon.png"],"assets/images/dummy_profile.jpeg":["assets/images/dummy_profile.jpeg"],"assets/images/guide_photo_1.png":["assets/images/guide_photo_1.png"],"assets/images/guide_photo_2.png":["assets/images/guide_photo_2.png"],"assets/images/guide_photo_3.png":["assets/images/guide_photo_3.png"],"assets/images/guide_photo_4.png":["assets/images/guide_photo_4.png"],"assets/images/icon_about_logo.png":["assets/images/icon_about_logo.png"],"assets/images/icon_about_nepal.png":["assets/images/icon_about_nepal.png"],"assets/images/icon_add_contact.png":["assets/images/icon_add_contact.png"],"assets/images/icon_anniversary.png":["assets/images/icon_anniversary.png"],"assets/images/icon_back_black.png":["assets/images/icon_back_black.png"],"assets/images/icon_back_white.png":["assets/images/icon_back_white.png"],"assets/images/icon_birthday.png":["assets/images/icon_birthday.png"],"assets/images/icon_bookmark.png":["assets/images/icon_bookmark.png"],"assets/images/icon_bookmark_selected.png":["assets/images/icon_bookmark_selected.png"],"assets/images/icon_bookmark_white.png":["assets/images/icon_bookmark_white.png"],"assets/images/icon_calendar.png":["assets/images/icon_calendar.png"],"assets/images/icon_calendar_nepal.png":["assets/images/icon_calendar_nepal.png"],"assets/images/icon_call.png":["assets/images/icon_call.png"],"assets/images/icon_camera.png":["assets/images/icon_camera.png"],"assets/images/icon_cart.png":["assets/images/icon_cart.png"],"assets/images/icon_checked.png":["assets/images/icon_checked.png"],"assets/images/icon_comment.png":["assets/images/icon_comment.png"],"assets/images/icon_comment_submit.png":["assets/images/icon_comment_submit.png"],"assets/images/icon_comment_white.png":["assets/images/icon_comment_white.png"],"assets/images/icon_contact.png":["assets/images/icon_contact.png"],"assets/images/icon_delete.png":["assets/images/icon_delete.png"],"assets/images/icon_download.png":["assets/images/icon_download.png"],"assets/images/icon_download_nepal.png":["assets/images/icon_download_nepal.png"],"assets/images/icon_email.png":["assets/images/icon_email.png"],"assets/images/icon_error.png":["assets/images/icon_error.png"],"assets/images/icon_female_selected.png":["assets/images/icon_female_selected.png"],"assets/images/icon_female_unselected.png":["assets/images/icon_female_unselected.png"],"assets/images/icon_gallery.png":["assets/images/icon_gallery.png"],"assets/images/icon_granth.png":["assets/images/icon_granth.png"],"assets/images/icon_heart_selected.png":["assets/images/icon_heart_selected.png"],"assets/images/icon_heart_unselected.png":["assets/images/icon_heart_unselected.png"],"assets/images/icon_like_white.png":["assets/images/icon_like_white.png"],"assets/images/icon_link.png":["assets/images/icon_link.png"],"assets/images/icon_logout.png":["assets/images/icon_logout.png"],"assets/images/icon_male_selected.png":["assets/images/icon_male_selected.png"],"assets/images/icon_male_unselected.png":["assets/images/icon_male_unselected.png"],"assets/images/icon_map.png":["assets/images/icon_map.png"],"assets/images/icon_menu.png":["assets/images/icon_menu.png"],"assets/images/icon_name.png":["assets/images/icon_name.png"],"assets/images/icon_no_event.png":["assets/images/icon_no_event.png"],"assets/images/icon_no_invitee.png":["assets/images/icon_no_invitee.png"],"assets/images/icon_not_say_selected.png":["assets/images/icon_not_say_selected.png"],"assets/images/icon_not_say_unselected.png":["assets/images/icon_not_say_unselected.png"],"assets/images/icon_notification.png":["assets/images/icon_notification.png"],"assets/images/icon_notification_muted.png":["assets/images/icon_notification_muted.png"],"assets/images/icon_notifications.png":["assets/images/icon_notifications.png"],"assets/images/icon_oops.png":["assets/images/icon_oops.png"],"assets/images/icon_photo_greeting.png":["assets/images/icon_photo_greeting.png"],"assets/images/icon_play_twine.png":["assets/images/icon_play_twine.png"],"assets/images/icon_portfolio.png":["assets/images/icon_portfolio.png"],"assets/images/icon_print.png":["assets/images/icon_print.png"],"assets/images/icon_qr.png":["assets/images/icon_qr.png"],"assets/images/icon_recent.png":["assets/images/icon_recent.png"],"assets/images/icon_search.png":["assets/images/icon_search.png"],"assets/images/icon_semi_circle_bottom.png":["assets/images/icon_semi_circle_bottom.png"],"assets/images/icon_semi_circle_left.png":["assets/images/icon_semi_circle_left.png"],"assets/images/icon_semi_circle_right.png":["assets/images/icon_semi_circle_right.png"],"assets/images/icon_semi_circle_top.png":["assets/images/icon_semi_circle_top.png"],"assets/images/icon_send.png":["assets/images/icon_send.png"],"assets/images/icon_set_splash.png":["assets/images/icon_set_splash.png"],"assets/images/icon_setting.png":["assets/images/icon_setting.png"],"assets/images/icon_share.png":["assets/images/icon_share.png"],"assets/images/icon_share_nepal.png":["assets/images/icon_share_nepal.png"],"assets/images/icon_share_twine.png":["assets/images/icon_share_twine.png"],"assets/images/icon_social_nepal.png":["assets/images/icon_social_nepal.png"],"assets/images/icon_support.png":["assets/images/icon_support.png"],"assets/images/icon_unchecked.png":["assets/images/icon_unchecked.png"],"assets/images/icon_update.png":["assets/images/icon_update.png"],"assets/images/icon_user.png":["assets/images/icon_user.png"],"assets/images/memory_photo.png":["assets/images/memory_photo.png"],"assets/images/place_holder.png":["assets/images/place_holder.png"],"assets/images/share_via_photogranth.png":["assets/images/share_via_photogranth.png"],"assets/images/share_via_pwa.png":["assets/images/share_via_pwa.png"],"assets/images/splash_logo.png":["assets/images/splash_logo.png"],"assets/images/tutorial_details.gif":["assets/images/tutorial_details.gif"],"assets/images/tutorial_folder_slide_hide.gif":["assets/images/tutorial_folder_slide_hide.gif"],"assets/images/tutorial_folder_slide_show.gif":["assets/images/tutorial_folder_slide_show.gif"],"assets/images/tutorial_notification.gif":["assets/images/tutorial_notification.gif"],"assets/images/tutorial_play.gif":["assets/images/tutorial_play.gif"],"assets/images/tutorial_portfolio.gif":["assets/images/tutorial_portfolio.gif"],"assets/images/tutorial_self_hide.gif":["assets/images/tutorial_self_hide.gif"],"assets/images/tutorial_self_show.gif":["assets/images/tutorial_self_show.gif"],"assets/images/tutorial_zoom.gif":["assets/images/tutorial_zoom.gif"],"assets/images/upload_photo.png":["assets/images/upload_photo.png"],"packages/country_code_picker/flags/ad.png":["packages/country_code_picker/flags/ad.png"],"packages/country_code_picker/flags/ae.png":["packages/country_code_picker/flags/ae.png"],"packages/country_code_picker/flags/af.png":["packages/country_code_picker/flags/af.png"],"packages/country_code_picker/flags/ag.png":["packages/country_code_picker/flags/ag.png"],"packages/country_code_picker/flags/ai.png":["packages/country_code_picker/flags/ai.png"],"packages/country_code_picker/flags/al.png":["packages/country_code_picker/flags/al.png"],"packages/country_code_picker/flags/am.png":["packages/country_code_picker/flags/am.png"],"packages/country_code_picker/flags/an.png":["packages/country_code_picker/flags/an.png"],"packages/country_code_picker/flags/ao.png":["packages/country_code_picker/flags/ao.png"],"packages/country_code_picker/flags/aq.png":["packages/country_code_picker/flags/aq.png"],"packages/country_code_picker/flags/ar.png":["packages/country_code_picker/flags/ar.png"],"packages/country_code_picker/flags/as.png":["packages/country_code_picker/flags/as.png"],"packages/country_code_picker/flags/at.png":["packages/country_code_picker/flags/at.png"],"packages/country_code_picker/flags/au.png":["packages/country_code_picker/flags/au.png"],"packages/country_code_picker/flags/aw.png":["packages/country_code_picker/flags/aw.png"],"packages/country_code_picker/flags/ax.png":["packages/country_code_picker/flags/ax.png"],"packages/country_code_picker/flags/az.png":["packages/country_code_picker/flags/az.png"],"packages/country_code_picker/flags/ba.png":["packages/country_code_picker/flags/ba.png"],"packages/country_code_picker/flags/bb.png":["packages/country_code_picker/flags/bb.png"],"packages/country_code_picker/flags/bd.png":["packages/country_code_picker/flags/bd.png"],"packages/country_code_picker/flags/be.png":["packages/country_code_picker/flags/be.png"],"packages/country_code_picker/flags/bf.png":["packages/country_code_picker/flags/bf.png"],"packages/country_code_picker/flags/bg.png":["packages/country_code_picker/flags/bg.png"],"packages/country_code_picker/flags/bh.png":["packages/country_code_picker/flags/bh.png"],"packages/country_code_picker/flags/bi.png":["packages/country_code_picker/flags/bi.png"],"packages/country_code_picker/flags/bj.png":["packages/country_code_picker/flags/bj.png"],"packages/country_code_picker/flags/bl.png":["packages/country_code_picker/flags/bl.png"],"packages/country_code_picker/flags/bm.png":["packages/country_code_picker/flags/bm.png"],"packages/country_code_picker/flags/bn.png":["packages/country_code_picker/flags/bn.png"],"packages/country_code_picker/flags/bo.png":["packages/country_code_picker/flags/bo.png"],"packages/country_code_picker/flags/bq.png":["packages/country_code_picker/flags/bq.png"],"packages/country_code_picker/flags/br.png":["packages/country_code_picker/flags/br.png"],"packages/country_code_picker/flags/bs.png":["packages/country_code_picker/flags/bs.png"],"packages/country_code_picker/flags/bt.png":["packages/country_code_picker/flags/bt.png"],"packages/country_code_picker/flags/bv.png":["packages/country_code_picker/flags/bv.png"],"packages/country_code_picker/flags/bw.png":["packages/country_code_picker/flags/bw.png"],"packages/country_code_picker/flags/by.png":["packages/country_code_picker/flags/by.png"],"packages/country_code_picker/flags/bz.png":["packages/country_code_picker/flags/bz.png"],"packages/country_code_picker/flags/ca.png":["packages/country_code_picker/flags/ca.png"],"packages/country_code_picker/flags/cc.png":["packages/country_code_picker/flags/cc.png"],"packages/country_code_picker/flags/cd.png":["packages/country_code_picker/flags/cd.png"],"packages/country_code_picker/flags/cf.png":["packages/country_code_picker/flags/cf.png"],"packages/country_code_picker/flags/cg.png":["packages/country_code_picker/flags/cg.png"],"packages/country_code_picker/flags/ch.png":["packages/country_code_picker/flags/ch.png"],"packages/country_code_picker/flags/ci.png":["packages/country_code_picker/flags/ci.png"],"packages/country_code_picker/flags/ck.png":["packages/country_code_picker/flags/ck.png"],"packages/country_code_picker/flags/cl.png":["packages/country_code_picker/flags/cl.png"],"packages/country_code_picker/flags/cm.png":["packages/country_code_picker/flags/cm.png"],"packages/country_code_picker/flags/cn.png":["packages/country_code_picker/flags/cn.png"],"packages/country_code_picker/flags/co.png":["packages/country_code_picker/flags/co.png"],"packages/country_code_picker/flags/cr.png":["packages/country_code_picker/flags/cr.png"],"packages/country_code_picker/flags/cu.png":["packages/country_code_picker/flags/cu.png"],"packages/country_code_picker/flags/cv.png":["packages/country_code_picker/flags/cv.png"],"packages/country_code_picker/flags/cw.png":["packages/country_code_picker/flags/cw.png"],"packages/country_code_picker/flags/cx.png":["packages/country_code_picker/flags/cx.png"],"packages/country_code_picker/flags/cy.png":["packages/country_code_picker/flags/cy.png"],"packages/country_code_picker/flags/cz.png":["packages/country_code_picker/flags/cz.png"],"packages/country_code_picker/flags/de.png":["packages/country_code_picker/flags/de.png"],"packages/country_code_picker/flags/dj.png":["packages/country_code_picker/flags/dj.png"],"packages/country_code_picker/flags/dk.png":["packages/country_code_picker/flags/dk.png"],"packages/country_code_picker/flags/dm.png":["packages/country_code_picker/flags/dm.png"],"packages/country_code_picker/flags/do.png":["packages/country_code_picker/flags/do.png"],"packages/country_code_picker/flags/dz.png":["packages/country_code_picker/flags/dz.png"],"packages/country_code_picker/flags/ec.png":["packages/country_code_picker/flags/ec.png"],"packages/country_code_picker/flags/ee.png":["packages/country_code_picker/flags/ee.png"],"packages/country_code_picker/flags/eg.png":["packages/country_code_picker/flags/eg.png"],"packages/country_code_picker/flags/eh.png":["packages/country_code_picker/flags/eh.png"],"packages/country_code_picker/flags/er.png":["packages/country_code_picker/flags/er.png"],"packages/country_code_picker/flags/es.png":["packages/country_code_picker/flags/es.png"],"packages/country_code_picker/flags/et.png":["packages/country_code_picker/flags/et.png"],"packages/country_code_picker/flags/eu.png":["packages/country_code_picker/flags/eu.png"],"packages/country_code_picker/flags/fi.png":["packages/country_code_picker/flags/fi.png"],"packages/country_code_picker/flags/fj.png":["packages/country_code_picker/flags/fj.png"],"packages/country_code_picker/flags/fk.png":["packages/country_code_picker/flags/fk.png"],"packages/country_code_picker/flags/fm.png":["packages/country_code_picker/flags/fm.png"],"packages/country_code_picker/flags/fo.png":["packages/country_code_picker/flags/fo.png"],"packages/country_code_picker/flags/fr.png":["packages/country_code_picker/flags/fr.png"],"packages/country_code_picker/flags/ga.png":["packages/country_code_picker/flags/ga.png"],"packages/country_code_picker/flags/gb-eng.png":["packages/country_code_picker/flags/gb-eng.png"],"packages/country_code_picker/flags/gb-nir.png":["packages/country_code_picker/flags/gb-nir.png"],"packages/country_code_picker/flags/gb-sct.png":["packages/country_code_picker/flags/gb-sct.png"],"packages/country_code_picker/flags/gb-wls.png":["packages/country_code_picker/flags/gb-wls.png"],"packages/country_code_picker/flags/gb.png":["packages/country_code_picker/flags/gb.png"],"packages/country_code_picker/flags/gd.png":["packages/country_code_picker/flags/gd.png"],"packages/country_code_picker/flags/ge.png":["packages/country_code_picker/flags/ge.png"],"packages/country_code_picker/flags/gf.png":["packages/country_code_picker/flags/gf.png"],"packages/country_code_picker/flags/gg.png":["packages/country_code_picker/flags/gg.png"],"packages/country_code_picker/flags/gh.png":["packages/country_code_picker/flags/gh.png"],"packages/country_code_picker/flags/gi.png":["packages/country_code_picker/flags/gi.png"],"packages/country_code_picker/flags/gl.png":["packages/country_code_picker/flags/gl.png"],"packages/country_code_picker/flags/gm.png":["packages/country_code_picker/flags/gm.png"],"packages/country_code_picker/flags/gn.png":["packages/country_code_picker/flags/gn.png"],"packages/country_code_picker/flags/gp.png":["packages/country_code_picker/flags/gp.png"],"packages/country_code_picker/flags/gq.png":["packages/country_code_picker/flags/gq.png"],"packages/country_code_picker/flags/gr.png":["packages/country_code_picker/flags/gr.png"],"packages/country_code_picker/flags/gs.png":["packages/country_code_picker/flags/gs.png"],"packages/country_code_picker/flags/gt.png":["packages/country_code_picker/flags/gt.png"],"packages/country_code_picker/flags/gu.png":["packages/country_code_picker/flags/gu.png"],"packages/country_code_picker/flags/gw.png":["packages/country_code_picker/flags/gw.png"],"packages/country_code_picker/flags/gy.png":["packages/country_code_picker/flags/gy.png"],"packages/country_code_picker/flags/hk.png":["packages/country_code_picker/flags/hk.png"],"packages/country_code_picker/flags/hm.png":["packages/country_code_picker/flags/hm.png"],"packages/country_code_picker/flags/hn.png":["packages/country_code_picker/flags/hn.png"],"packages/country_code_picker/flags/hr.png":["packages/country_code_picker/flags/hr.png"],"packages/country_code_picker/flags/ht.png":["packages/country_code_picker/flags/ht.png"],"packages/country_code_picker/flags/hu.png":["packages/country_code_picker/flags/hu.png"],"packages/country_code_picker/flags/id.png":["packages/country_code_picker/flags/id.png"],"packages/country_code_picker/flags/ie.png":["packages/country_code_picker/flags/ie.png"],"packages/country_code_picker/flags/il.png":["packages/country_code_picker/flags/il.png"],"packages/country_code_picker/flags/im.png":["packages/country_code_picker/flags/im.png"],"packages/country_code_picker/flags/in.png":["packages/country_code_picker/flags/in.png"],"packages/country_code_picker/flags/io.png":["packages/country_code_picker/flags/io.png"],"packages/country_code_picker/flags/iq.png":["packages/country_code_picker/flags/iq.png"],"packages/country_code_picker/flags/ir.png":["packages/country_code_picker/flags/ir.png"],"packages/country_code_picker/flags/is.png":["packages/country_code_picker/flags/is.png"],"packages/country_code_picker/flags/it.png":["packages/country_code_picker/flags/it.png"],"packages/country_code_picker/flags/je.png":["packages/country_code_picker/flags/je.png"],"packages/country_code_picker/flags/jm.png":["packages/country_code_picker/flags/jm.png"],"packages/country_code_picker/flags/jo.png":["packages/country_code_picker/flags/jo.png"],"packages/country_code_picker/flags/jp.png":["packages/country_code_picker/flags/jp.png"],"packages/country_code_picker/flags/ke.png":["packages/country_code_picker/flags/ke.png"],"packages/country_code_picker/flags/kg.png":["packages/country_code_picker/flags/kg.png"],"packages/country_code_picker/flags/kh.png":["packages/country_code_picker/flags/kh.png"],"packages/country_code_picker/flags/ki.png":["packages/country_code_picker/flags/ki.png"],"packages/country_code_picker/flags/km.png":["packages/country_code_picker/flags/km.png"],"packages/country_code_picker/flags/kn.png":["packages/country_code_picker/flags/kn.png"],"packages/country_code_picker/flags/kp.png":["packages/country_code_picker/flags/kp.png"],"packages/country_code_picker/flags/kr.png":["packages/country_code_picker/flags/kr.png"],"packages/country_code_picker/flags/kw.png":["packages/country_code_picker/flags/kw.png"],"packages/country_code_picker/flags/ky.png":["packages/country_code_picker/flags/ky.png"],"packages/country_code_picker/flags/kz.png":["packages/country_code_picker/flags/kz.png"],"packages/country_code_picker/flags/la.png":["packages/country_code_picker/flags/la.png"],"packages/country_code_picker/flags/lb.png":["packages/country_code_picker/flags/lb.png"],"packages/country_code_picker/flags/lc.png":["packages/country_code_picker/flags/lc.png"],"packages/country_code_picker/flags/li.png":["packages/country_code_picker/flags/li.png"],"packages/country_code_picker/flags/lk.png":["packages/country_code_picker/flags/lk.png"],"packages/country_code_picker/flags/lr.png":["packages/country_code_picker/flags/lr.png"],"packages/country_code_picker/flags/ls.png":["packages/country_code_picker/flags/ls.png"],"packages/country_code_picker/flags/lt.png":["packages/country_code_picker/flags/lt.png"],"packages/country_code_picker/flags/lu.png":["packages/country_code_picker/flags/lu.png"],"packages/country_code_picker/flags/lv.png":["packages/country_code_picker/flags/lv.png"],"packages/country_code_picker/flags/ly.png":["packages/country_code_picker/flags/ly.png"],"packages/country_code_picker/flags/ma.png":["packages/country_code_picker/flags/ma.png"],"packages/country_code_picker/flags/mc.png":["packages/country_code_picker/flags/mc.png"],"packages/country_code_picker/flags/md.png":["packages/country_code_picker/flags/md.png"],"packages/country_code_picker/flags/me.png":["packages/country_code_picker/flags/me.png"],"packages/country_code_picker/flags/mf.png":["packages/country_code_picker/flags/mf.png"],"packages/country_code_picker/flags/mg.png":["packages/country_code_picker/flags/mg.png"],"packages/country_code_picker/flags/mh.png":["packages/country_code_picker/flags/mh.png"],"packages/country_code_picker/flags/mk.png":["packages/country_code_picker/flags/mk.png"],"packages/country_code_picker/flags/ml.png":["packages/country_code_picker/flags/ml.png"],"packages/country_code_picker/flags/mm.png":["packages/country_code_picker/flags/mm.png"],"packages/country_code_picker/flags/mn.png":["packages/country_code_picker/flags/mn.png"],"packages/country_code_picker/flags/mo.png":["packages/country_code_picker/flags/mo.png"],"packages/country_code_picker/flags/mp.png":["packages/country_code_picker/flags/mp.png"],"packages/country_code_picker/flags/mq.png":["packages/country_code_picker/flags/mq.png"],"packages/country_code_picker/flags/mr.png":["packages/country_code_picker/flags/mr.png"],"packages/country_code_picker/flags/ms.png":["packages/country_code_picker/flags/ms.png"],"packages/country_code_picker/flags/mt.png":["packages/country_code_picker/flags/mt.png"],"packages/country_code_picker/flags/mu.png":["packages/country_code_picker/flags/mu.png"],"packages/country_code_picker/flags/mv.png":["packages/country_code_picker/flags/mv.png"],"packages/country_code_picker/flags/mw.png":["packages/country_code_picker/flags/mw.png"],"packages/country_code_picker/flags/mx.png":["packages/country_code_picker/flags/mx.png"],"packages/country_code_picker/flags/my.png":["packages/country_code_picker/flags/my.png"],"packages/country_code_picker/flags/mz.png":["packages/country_code_picker/flags/mz.png"],"packages/country_code_picker/flags/na.png":["packages/country_code_picker/flags/na.png"],"packages/country_code_picker/flags/nc.png":["packages/country_code_picker/flags/nc.png"],"packages/country_code_picker/flags/ne.png":["packages/country_code_picker/flags/ne.png"],"packages/country_code_picker/flags/nf.png":["packages/country_code_picker/flags/nf.png"],"packages/country_code_picker/flags/ng.png":["packages/country_code_picker/flags/ng.png"],"packages/country_code_picker/flags/ni.png":["packages/country_code_picker/flags/ni.png"],"packages/country_code_picker/flags/nl.png":["packages/country_code_picker/flags/nl.png"],"packages/country_code_picker/flags/no.png":["packages/country_code_picker/flags/no.png"],"packages/country_code_picker/flags/np.png":["packages/country_code_picker/flags/np.png"],"packages/country_code_picker/flags/nr.png":["packages/country_code_picker/flags/nr.png"],"packages/country_code_picker/flags/nu.png":["packages/country_code_picker/flags/nu.png"],"packages/country_code_picker/flags/nz.png":["packages/country_code_picker/flags/nz.png"],"packages/country_code_picker/flags/om.png":["packages/country_code_picker/flags/om.png"],"packages/country_code_picker/flags/pa.png":["packages/country_code_picker/flags/pa.png"],"packages/country_code_picker/flags/pe.png":["packages/country_code_picker/flags/pe.png"],"packages/country_code_picker/flags/pf.png":["packages/country_code_picker/flags/pf.png"],"packages/country_code_picker/flags/pg.png":["packages/country_code_picker/flags/pg.png"],"packages/country_code_picker/flags/ph.png":["packages/country_code_picker/flags/ph.png"],"packages/country_code_picker/flags/pk.png":["packages/country_code_picker/flags/pk.png"],"packages/country_code_picker/flags/pl.png":["packages/country_code_picker/flags/pl.png"],"packages/country_code_picker/flags/pm.png":["packages/country_code_picker/flags/pm.png"],"packages/country_code_picker/flags/pn.png":["packages/country_code_picker/flags/pn.png"],"packages/country_code_picker/flags/pr.png":["packages/country_code_picker/flags/pr.png"],"packages/country_code_picker/flags/ps.png":["packages/country_code_picker/flags/ps.png"],"packages/country_code_picker/flags/pt.png":["packages/country_code_picker/flags/pt.png"],"packages/country_code_picker/flags/pw.png":["packages/country_code_picker/flags/pw.png"],"packages/country_code_picker/flags/py.png":["packages/country_code_picker/flags/py.png"],"packages/country_code_picker/flags/qa.png":["packages/country_code_picker/flags/qa.png"],"packages/country_code_picker/flags/re.png":["packages/country_code_picker/flags/re.png"],"packages/country_code_picker/flags/ro.png":["packages/country_code_picker/flags/ro.png"],"packages/country_code_picker/flags/rs.png":["packages/country_code_picker/flags/rs.png"],"packages/country_code_picker/flags/ru.png":["packages/country_code_picker/flags/ru.png"],"packages/country_code_picker/flags/rw.png":["packages/country_code_picker/flags/rw.png"],"packages/country_code_picker/flags/sa.png":["packages/country_code_picker/flags/sa.png"],"packages/country_code_picker/flags/sb.png":["packages/country_code_picker/flags/sb.png"],"packages/country_code_picker/flags/sc.png":["packages/country_code_picker/flags/sc.png"],"packages/country_code_picker/flags/sd.png":["packages/country_code_picker/flags/sd.png"],"packages/country_code_picker/flags/se.png":["packages/country_code_picker/flags/se.png"],"packages/country_code_picker/flags/sg.png":["packages/country_code_picker/flags/sg.png"],"packages/country_code_picker/flags/sh.png":["packages/country_code_picker/flags/sh.png"],"packages/country_code_picker/flags/si.png":["packages/country_code_picker/flags/si.png"],"packages/country_code_picker/flags/sj.png":["packages/country_code_picker/flags/sj.png"],"packages/country_code_picker/flags/sk.png":["packages/country_code_picker/flags/sk.png"],"packages/country_code_picker/flags/sl.png":["packages/country_code_picker/flags/sl.png"],"packages/country_code_picker/flags/sm.png":["packages/country_code_picker/flags/sm.png"],"packages/country_code_picker/flags/sn.png":["packages/country_code_picker/flags/sn.png"],"packages/country_code_picker/flags/so.png":["packages/country_code_picker/flags/so.png"],"packages/country_code_picker/flags/sr.png":["packages/country_code_picker/flags/sr.png"],"packages/country_code_picker/flags/ss.png":["packages/country_code_picker/flags/ss.png"],"packages/country_code_picker/flags/st.png":["packages/country_code_picker/flags/st.png"],"packages/country_code_picker/flags/sv.png":["packages/country_code_picker/flags/sv.png"],"packages/country_code_picker/flags/sx.png":["packages/country_code_picker/flags/sx.png"],"packages/country_code_picker/flags/sy.png":["packages/country_code_picker/flags/sy.png"],"packages/country_code_picker/flags/sz.png":["packages/country_code_picker/flags/sz.png"],"packages/country_code_picker/flags/tc.png":["packages/country_code_picker/flags/tc.png"],"packages/country_code_picker/flags/td.png":["packages/country_code_picker/flags/td.png"],"packages/country_code_picker/flags/tf.png":["packages/country_code_picker/flags/tf.png"],"packages/country_code_picker/flags/tg.png":["packages/country_code_picker/flags/tg.png"],"packages/country_code_picker/flags/th.png":["packages/country_code_picker/flags/th.png"],"packages/country_code_picker/flags/tj.png":["packages/country_code_picker/flags/tj.png"],"packages/country_code_picker/flags/tk.png":["packages/country_code_picker/flags/tk.png"],"packages/country_code_picker/flags/tl.png":["packages/country_code_picker/flags/tl.png"],"packages/country_code_picker/flags/tm.png":["packages/country_code_picker/flags/tm.png"],"packages/country_code_picker/flags/tn.png":["packages/country_code_picker/flags/tn.png"],"packages/country_code_picker/flags/to.png":["packages/country_code_picker/flags/to.png"],"packages/country_code_picker/flags/tr.png":["packages/country_code_picker/flags/tr.png"],"packages/country_code_picker/flags/tt.png":["packages/country_code_picker/flags/tt.png"],"packages/country_code_picker/flags/tv.png":["packages/country_code_picker/flags/tv.png"],"packages/country_code_picker/flags/tw.png":["packages/country_code_picker/flags/tw.png"],"packages/country_code_picker/flags/tz.png":["packages/country_code_picker/flags/tz.png"],"packages/country_code_picker/flags/ua.png":["packages/country_code_picker/flags/ua.png"],"packages/country_code_picker/flags/ug.png":["packages/country_code_picker/flags/ug.png"],"packages/country_code_picker/flags/um.png":["packages/country_code_picker/flags/um.png"],"packages/country_code_picker/flags/us.png":["packages/country_code_picker/flags/us.png"],"packages/country_code_picker/flags/uy.png":["packages/country_code_picker/flags/uy.png"],"packages/country_code_picker/flags/uz.png":["packages/country_code_picker/flags/uz.png"],"packages/country_code_picker/flags/va.png":["packages/country_code_picker/flags/va.png"],"packages/country_code_picker/flags/vc.png":["packages/country_code_picker/flags/vc.png"],"packages/country_code_picker/flags/ve.png":["packages/country_code_picker/flags/ve.png"],"packages/country_code_picker/flags/vg.png":["packages/country_code_picker/flags/vg.png"],"packages/country_code_picker/flags/vi.png":["packages/country_code_picker/flags/vi.png"],"packages/country_code_picker/flags/vn.png":["packages/country_code_picker/flags/vn.png"],"packages/country_code_picker/flags/vu.png":["packages/country_code_picker/flags/vu.png"],"packages/country_code_picker/flags/wf.png":["packages/country_code_picker/flags/wf.png"],"packages/country_code_picker/flags/ws.png":["packages/country_code_picker/flags/ws.png"],"packages/country_code_picker/flags/xk.png":["packages/country_code_picker/flags/xk.png"],"packages/country_code_picker/flags/ye.png":["packages/country_code_picker/flags/ye.png"],"packages/country_code_picker/flags/yt.png":["packages/country_code_picker/flags/yt.png"],"packages/country_code_picker/flags/za.png":["packages/country_code_picker/flags/za.png"],"packages/country_code_picker/flags/zm.png":["packages/country_code_picker/flags/zm.png"],"packages/country_code_picker/flags/zw.png":["packages/country_code_picker/flags/zw.png"],"packages/country_code_picker/i18n/af.json":["packages/country_code_picker/i18n/af.json"],"packages/country_code_picker/i18n/am.json":["packages/country_code_picker/i18n/am.json"],"packages/country_code_picker/i18n/ar.json":["packages/country_code_picker/i18n/ar.json"],"packages/country_code_picker/i18n/az.json":["packages/country_code_picker/i18n/az.json"],"packages/country_code_picker/i18n/be.json":["packages/country_code_picker/i18n/be.json"],"packages/country_code_picker/i18n/bg.json":["packages/country_code_picker/i18n/bg.json"],"packages/country_code_picker/i18n/bn.json":["packages/country_code_picker/i18n/bn.json"],"packages/country_code_picker/i18n/bs.json":["packages/country_code_picker/i18n/bs.json"],"packages/country_code_picker/i18n/ca.json":["packages/country_code_picker/i18n/ca.json"],"packages/country_code_picker/i18n/cs.json":["packages/country_code_picker/i18n/cs.json"],"packages/country_code_picker/i18n/da.json":["packages/country_code_picker/i18n/da.json"],"packages/country_code_picker/i18n/de.json":["packages/country_code_picker/i18n/de.json"],"packages/country_code_picker/i18n/el.json":["packages/country_code_picker/i18n/el.json"],"packages/country_code_picker/i18n/en.json":["packages/country_code_picker/i18n/en.json"],"packages/country_code_picker/i18n/es.json":["packages/country_code_picker/i18n/es.json"],"packages/country_code_picker/i18n/et.json":["packages/country_code_picker/i18n/et.json"],"packages/country_code_picker/i18n/fa.json":["packages/country_code_picker/i18n/fa.json"],"packages/country_code_picker/i18n/fi.json":["packages/country_code_picker/i18n/fi.json"],"packages/country_code_picker/i18n/fr.json":["packages/country_code_picker/i18n/fr.json"],"packages/country_code_picker/i18n/gl.json":["packages/country_code_picker/i18n/gl.json"],"packages/country_code_picker/i18n/ha.json":["packages/country_code_picker/i18n/ha.json"],"packages/country_code_picker/i18n/he.json":["packages/country_code_picker/i18n/he.json"],"packages/country_code_picker/i18n/hi.json":["packages/country_code_picker/i18n/hi.json"],"packages/country_code_picker/i18n/hr.json":["packages/country_code_picker/i18n/hr.json"],"packages/country_code_picker/i18n/hu.json":["packages/country_code_picker/i18n/hu.json"],"packages/country_code_picker/i18n/hy.json":["packages/country_code_picker/i18n/hy.json"],"packages/country_code_picker/i18n/id.json":["packages/country_code_picker/i18n/id.json"],"packages/country_code_picker/i18n/is.json":["packages/country_code_picker/i18n/is.json"],"packages/country_code_picker/i18n/it.json":["packages/country_code_picker/i18n/it.json"],"packages/country_code_picker/i18n/ja.json":["packages/country_code_picker/i18n/ja.json"],"packages/country_code_picker/i18n/ka.json":["packages/country_code_picker/i18n/ka.json"],"packages/country_code_picker/i18n/kk.json":["packages/country_code_picker/i18n/kk.json"],"packages/country_code_picker/i18n/km.json":["packages/country_code_picker/i18n/km.json"],"packages/country_code_picker/i18n/ko.json":["packages/country_code_picker/i18n/ko.json"],"packages/country_code_picker/i18n/ku.json":["packages/country_code_picker/i18n/ku.json"],"packages/country_code_picker/i18n/ky.json":["packages/country_code_picker/i18n/ky.json"],"packages/country_code_picker/i18n/lt.json":["packages/country_code_picker/i18n/lt.json"],"packages/country_code_picker/i18n/lv.json":["packages/country_code_picker/i18n/lv.json"],"packages/country_code_picker/i18n/mk.json":["packages/country_code_picker/i18n/mk.json"],"packages/country_code_picker/i18n/ml.json":["packages/country_code_picker/i18n/ml.json"],"packages/country_code_picker/i18n/mn.json":["packages/country_code_picker/i18n/mn.json"],"packages/country_code_picker/i18n/ms.json":["packages/country_code_picker/i18n/ms.json"],"packages/country_code_picker/i18n/nb.json":["packages/country_code_picker/i18n/nb.json"],"packages/country_code_picker/i18n/nl.json":["packages/country_code_picker/i18n/nl.json"],"packages/country_code_picker/i18n/nn.json":["packages/country_code_picker/i18n/nn.json"],"packages/country_code_picker/i18n/no.json":["packages/country_code_picker/i18n/no.json"],"packages/country_code_picker/i18n/pl.json":["packages/country_code_picker/i18n/pl.json"],"packages/country_code_picker/i18n/ps.json":["packages/country_code_picker/i18n/ps.json"],"packages/country_code_picker/i18n/pt.json":["packages/country_code_picker/i18n/pt.json"],"packages/country_code_picker/i18n/ro.json":["packages/country_code_picker/i18n/ro.json"],"packages/country_code_picker/i18n/ru.json":["packages/country_code_picker/i18n/ru.json"],"packages/country_code_picker/i18n/sd.json":["packages/country_code_picker/i18n/sd.json"],"packages/country_code_picker/i18n/sk.json":["packages/country_code_picker/i18n/sk.json"],"packages/country_code_picker/i18n/sl.json":["packages/country_code_picker/i18n/sl.json"],"packages/country_code_picker/i18n/so.json":["packages/country_code_picker/i18n/so.json"],"packages/country_code_picker/i18n/sq.json":["packages/country_code_picker/i18n/sq.json"],"packages/country_code_picker/i18n/sr.json":["packages/country_code_picker/i18n/sr.json"],"packages/country_code_picker/i18n/sv.json":["packages/country_code_picker/i18n/sv.json"],"packages/country_code_picker/i18n/ta.json":["packages/country_code_picker/i18n/ta.json"],"packages/country_code_picker/i18n/tg.json":["packages/country_code_picker/i18n/tg.json"],"packages/country_code_picker/i18n/th.json":["packages/country_code_picker/i18n/th.json"],"packages/country_code_picker/i18n/tr.json":["packages/country_code_picker/i18n/tr.json"],"packages/country_code_picker/i18n/tt.json":["packages/country_code_picker/i18n/tt.json"],"packages/country_code_picker/i18n/ug.json":["packages/country_code_picker/i18n/ug.json"],"packages/country_code_picker/i18n/uk.json":["packages/country_code_picker/i18n/uk.json"],"packages/country_code_picker/i18n/ur.json":["packages/country_code_picker/i18n/ur.json"],"packages/country_code_picker/i18n/uz.json":["packages/country_code_picker/i18n/uz.json"],"packages/country_code_picker/i18n/vi.json":["packages/country_code_picker/i18n/vi.json"],"packages/country_code_picker/i18n/zh.json":["packages/country_code_picker/i18n/zh.json"],"packages/cupertino_icons/assets/CupertinoIcons.ttf":["packages/cupertino_icons/assets/CupertinoIcons.ttf"],"packages/flutter_neumorphic/fonts/NeumorphicIcons.ttf":["packages/flutter_neumorphic/fonts/NeumorphicIcons.ttf"],"packages/fluttertoast/assets/toastify.css":["packages/fluttertoast/assets/toastify.css"],"packages/fluttertoast/assets/toastify.js":["packages/fluttertoast/assets/toastify.js"],"packages/font_awesome_flutter/lib/fonts/fa-brands-400.ttf":["packages/font_awesome_flutter/lib/fonts/fa-brands-400.ttf"],"packages/font_awesome_flutter/lib/fonts/fa-regular-400.ttf":["packages/font_awesome_flutter/lib/fonts/fa-regular-400.ttf"],"packages/font_awesome_flutter/lib/fonts/fa-solid-900.ttf":["packages/font_awesome_flutter/lib/fonts/fa-solid-900.ttf"],"packages/outline_material_icons/lib/outline_material_icons.ttf":["packages/outline_material_icons/lib/outline_material_icons.ttf"],"packages/wakelock_web/assets/no_sleep.js":["packages/wakelock_web/assets/no_sleep.js"]}