[{"family":"MaterialIcons","fonts":[{"asset":"fonts/MaterialIcons-Regular.otf"}]},{"family":"DMSans","fonts":[{"weight":400,"asset":"assets/fonts/DMSans-Regular.ttf"},{"weight":500,"asset":"assets/fonts/DMSans-Medium.ttf"},{"weight":700,"asset":"assets/fonts/DMSans-Bold.ttf"}]},{"family":"Poppins","fonts":[{"weight":200,"asset":"assets/fonts/Poppins-Light.ttf"},{"weight":400,"asset":"assets/fonts/Poppins-Regular.ttf"},{"weight":600,"asset":"assets/fonts/Poppins-SemiBold.ttf"},{"weight":800,"asset":"assets/fonts/Poppins-Bold.ttf"}]},{"family":"packages/cupertino_icons/CupertinoIcons","fonts":[{"asset":"packages/cupertino_icons/assets/CupertinoIcons.ttf"}]},{"family":"packages/flutter_neumorphic/NeumorphicIcons","fonts":[{"asset":"packages/flutter_neumorphic/fonts/NeumorphicIcons.ttf"}]},{"family":"packages/font_awesome_flutter/FontAwesomeBrands","fonts":[{"weight":400,"asset":"packages/font_awesome_flutter/lib/fonts/fa-brands-400.ttf"}]},{"family":"packages/font_awesome_flutter/FontAwesomeRegular","fonts":[{"weight":400,"asset":"packages/font_awesome_flutter/lib/fonts/fa-regular-400.ttf"}]},{"family":"packages/font_awesome_flutter/FontAwesomeSolid","fonts":[{"weight":900,"asset":"packages/font_awesome_flutter/lib/fonts/fa-solid-900.ttf"}]},{"family":"packages/outline_material_icons/outline_material_icons","fonts":[{"asset":"packages/outline_material_icons/lib/outline_material_icons.ttf"}]}]